id,oevk_id,valker_nev,valkernev,ertek,valker_nev,mmm1,momentum1,dk1,lmp1,mszp1,ujvilag1,alternativa1,parbeszed1,jobbik1,fuggetlen1,osszeg1,mmmt,momentumt,dkt,lmpt,mszpt,ujvilagt,alternativat,parbeszedt,jobbikt,fuggetlent,mmm,momentum,dk,lmp,mszp,ujvilag,alternativa,parbeszed,jobbik,fuggetlen,osszeg,mmmt1,momentumt1,dkt1,lmpt1,mszpt1,ujvilagt1,alternativat1,parbeszedt1,jobbikt1,fuggetlent1,jeloltek
1,101,Budapesti 1. sz. országgyűlési egyéni választókerület,Budapest 1. számú egyéni választókerület,igen,Budapesti 1. sz. országgyűlési egyéni választókerület,,Gelencsér Ferenc,Nagypál Anikó,Csárdi Antal,,,,,,,3,,MMM,visszalépett,"Jobbik, DK, MSZP, Párbeszéd",,,,,,,,Gelencsér Ferenc,,Csárdi Antal,,,,,,,2,,MMM,,"Jobbik, DK, MSZP, Párbeszéd",,,,,,,"<table><tr><th>Jelöltek</th><th>Támogatók</th></tr><tr><td>Csárdi Antal (LMP)</td><td>Jobbik, DK, MSZP, Párbeszéd</td></tr><tr><td>Gelencsér Ferenc (Momentum)</td><td>MMM</td></tr></table>"
2,102,Budapesti 2. sz. országgyűlési egyéni választókerület,Budapest 2. számú egyéni választókerület,igen,Budapesti 2. sz. országgyűlési egyéni választókerület,,Orosz Anna,Gy. Németh Erzsébet,,Barabás Richárd,,,,,,3,,"MMM, MSZP, Párbeszéd","Jobbik, LMP",,visszalépett,,,,,,,Orosz Anna,Gy. Németh Erzsébet,,,,,,,,2,,"MMM, MSZP, Párbeszéd","Jobbik, LMP",,,,,,,,"<table><tr><th>Jelöltek</th><th>Támogatók</th></tr><tr><td>Gy. Németh Erzsébet (DK)</td><td>Jobbik, LMP</td></tr><tr><td>Orosz Anna (Momentum)</td><td>MMM, MSZP, Párbeszéd</td></tr></table>"
3,103,Budapesti 3. sz. országgyűlési egyéni választókerület,Budapest 3. számú egyéni választókerület,igen,Budapesti 3. sz. országgyűlési egyéni választókerület,Káncz Csaba,Hajnal Miklós,"Komáromi Zoltán, dr.",,,Visi Piroska,,,,,4,visszalépett,"Jobbik, MSZP, Párbeszéd",LMP,,,"MMM, LMP",,,,,,Hajnal Miklós,"Komáromi Zoltán, dr.",,,Visi Piroska,,,,,3,,"Jobbik, MSZP, Párbeszéd",LMP,,,"MMM, LMP",,,,,"<table><tr><th>Jelöltek</th><th>Támogatók</th></tr><tr><td>Komáromi Zoltán, dr. (DK)</td><td>LMP</td></tr><tr><td>Hajnal Miklós (Momentum)</td><td>Jobbik, MSZP, Párbeszéd</td></tr><tr><td>Visi Piroska (Új Világ Néppárt)</td><td>MMM, LMP</td></tr></table>"
4,104,Budapesti 4. sz. országgyűlési egyéni választókerület,Budapest 4. számú egyéni választókerület,igen,Budapesti 4. sz. országgyűlési egyéni választókerület,,Berg Dániel,Kálmán Olga,,,,,Tordai Bence,,Szalai László,4,,visszalépett,"Jobbik, MMM",,,,,"MSZP, MMM, Momentum, LMP",,,,,Kálmán Olga,,,,,Tordai Bence,,Szalai László,3,,,"Jobbik, MMM",,,,,"MSZP, MMM, Momentum, LMP",,,"<table><tr><th>Jelöltek</th><th>Támogatók</th></tr><tr><td>Kálmán Olga (DK)</td><td>Jobbik, MMM</td></tr><tr><td>Tordai Bence (Párbeszéd)</td><td>MSZP, MMM, Momentum, LMP</td></tr><tr><td>Szalai László (Független)</td><td></td></tr></table>"
5,105,Budapesti 5. sz. országgyűlési egyéni választókerület,Budapest 5. számú egyéni választókerület,igen,Budapesti 5. sz. országgyűlési egyéni választókerület,Almási Kecskés Gusztáv,Tompos Márton,Dr. Oláh Lajos,,,,,Kocsis-Cake Olivio,Beleznay Zsuzsanna dr.,,5,,,"Párbeszéd, MSZP",,,,,visszalépett,"LMP, MMM",,Almási Kecskés Gusztáv,Tompos Márton,Dr. Oláh Lajos,,,,,,Beleznay Zsuzsanna dr.,,4,,,"Párbeszéd, MSZP",,,,,,"LMP, MMM",,"<table><tr><th>Jelöltek</th><th>Támogatók</th></tr><tr><td>Dr. Oláh Lajos (DK)</td><td>Párbeszéd, MSZP</td></tr><tr><td>Beleznay Zsuzsanna dr. (Jobbik)</td><td>LMP, MMM</td></tr><tr><td>Tompos Márton (Momentum)</td><td></td></tr><tr><td>Almási Kecskés Gusztáv (MMM)</td><td></td></tr></table>"
6,106,Budapesti 6. sz. országgyűlési egyéni választókerület,Budapest 6. számú egyéni választókerület,igen,Budapesti 6. sz. országgyűlési egyéni választókerület,,,Manhaltner Dániel,,,,,Jámbor András,Demeter Márta,Csordás Anett,4,,,,,,,,MSZP,,"MMM, Momentum",,,Manhaltner Dániel,,,,,Jámbor András,Demeter Márta,Csordás Anett,4,,,,,,,,MSZP,,"MMM, Momentum","<table><tr><th>Jelöltek</th><th>Támogatók</th></tr><tr><td>Manhaltner Dániel (DK)</td><td></td></tr><tr><td>Demeter Márta (Jobbik)</td><td></td></tr><tr><td>Jámbor András (Párbeszéd)</td><td>MSZP</td></tr><tr><td>Csordás Anett (Független)</td><td>MMM, Momentum</td></tr></table>"
7,107,Budapesti 7. sz. országgyűlési egyéni választókerület,Budapest 7. számú egyéni választókerület,igen,Budapesti 7. sz. országgyűlési egyéni választókerület,,Naszádos Zsófia,Keszthelyi Dorottya,,Hiszékeny Dezső,,,,,,3,,,,,"Párbeszéd, MMM, LMP",,,,,,,Naszádos Zsófia,Keszthelyi Dorottya,,Hiszékeny Dezső,,,,,,3,,,,,"Párbeszéd, MMM, LMP",,,,,,"<table><tr><th>Jelöltek</th><th>Támogatók</th></tr><tr><td>Keszthelyi Dorottya (DK)</td><td></td></tr><tr><td>Naszádos Zsófia (Momentum)</td><td></td></tr><tr><td>Hiszékeny Dezső (MSZP)</td><td>Párbeszéd, MMM, LMP</td></tr></table>"
8,108,Budapesti 8. sz. országgyűlési egyéni választókerület,Budapest 8. számú egyéni választókerület,igen,Budapesti 8. sz. országgyűlési egyéni választókerület,,Hadházy Ákos,,,Tóth Csaba,,,,,,2,,"MMM, Új Világ Néppárt",,,"Párbeszéd, DK, Jobbik",,,,,,,Hadházy Ákos,,,Tóth Csaba,,,,,,2,,"MMM, Új Világ Néppárt",,,"Párbeszéd, DK, Jobbik",,,,,,"<table><tr><th>Jelöltek</th><th>Támogatók</th></tr><tr><td>Hadházy Ákos (Momentum)</td><td>MMM, Új Világ Néppárt</td></tr><tr><td>Tóth Csaba (MSZP)</td><td>Párbeszéd, DK, Jobbik</td></tr></table>"
9,109,Budapesti 9. sz. országgyűlési egyéni választókerület,Budapest 9. számú egyéni választókerület,igen,Budapesti 9. sz. országgyűlési egyéni választókerület,,Paróczai Anikó,Arató Gergely,,,,,Burány Sándor,,,3,,,"Jobbik, MMM",,,,,"MSZP, LMP",,,,Paróczai Anikó,Arató Gergely,,,,,Burány Sándor,,,3,,,"Jobbik, MMM",,,,,"MSZP, LMP",,,"<table><tr><th>Jelöltek</th><th>Támogatók</th></tr><tr><td>Arató Gergely (DK)</td><td>Jobbik, MMM</td></tr><tr><td>Paróczai Anikó (Momentum)</td><td></td></tr><tr><td>Burány Sándor (Párbeszéd)</td><td>MSZP, LMP</td></tr></table>"
10,110,Budapesti 10. sz. országgyűlési egyéni választókerület,Budapest 10. számú egyéni választókerület,igen,Budapesti 10. sz. országgyűlési egyéni választókerület,,Turgonyi Dániel,,,,,,Szabó Tímea,,,2,,visszalépett,,,,,,"MSZP, MMM, Jobbik, DK, LMP, Momentum",,,,,,,,,,Szabó Tímea,,,1,,,,,,,,"MSZP, MMM, Jobbik, DK, LMP, Momentum",,,"<table><tr><th>Jelöltek</th><th>Támogatók</th></tr><tr><td>Szabó Tímea (Párbeszéd)</td><td>MSZP, MMM, Jobbik, DK, LMP, Momentum</td></tr></table>"
11,111,Budapesti 11. sz. országgyűlési egyéni választókerület,Budapest 11. számú egyéni választókerület,igen,Budapesti 11. sz. országgyűlési egyéni választókerület,,,Varju László,,,,,,,,1,,,"Jobbik, MMM, MSZP, Párbeszéd, Momentum, LMP",,,,,,,,,,Varju László,,,,,,,,1,,,"Jobbik, MMM, MSZP, Párbeszéd, Momentum, LMP",,,,,,,,"<table><tr><th>Jelöltek</th><th>Támogatók</th></tr><tr><td>Varju László (DK)</td><td>Jobbik, MMM, MSZP, Párbeszéd, Momentum, LMP</td></tr></table>"
12,112,Budapesti 12. sz. országgyűlési egyéni választókerület,Budapest 12. számú egyéni választókerület,igen,Budapesti 12. sz. országgyűlési egyéni választókerület,,Palocsai Béla,Barkóczi Balázs,,,,,,,,2,,MMM,"Jobbik, MSZP, Párbeszéd, LMP",,,,,,,,,Palocsai Béla,Barkóczi Balázs,,,,,,,,2,,MMM,"Jobbik, MSZP, Párbeszéd, LMP",,,,,,,,"<table><tr><th>Jelöltek</th><th>Támogatók</th></tr><tr><td>Barkóczi Balázs (DK)</td><td>Jobbik, MSZP, Párbeszéd, LMP</td></tr><tr><td>Palocsai Béla (Momentum)</td><td>MMM</td></tr></table>"
13,113,Budapesti 13. sz. országgyűlési egyéni választókerület,Budapest 13. számú egyéni választókerület,igen,Budapesti 13. sz. országgyűlési egyéni választókerület,Vajda Zoltán,Hollai Gábor,Nemes Gábor,,,Palotás János,,,,,4,"MSZP, Párbeszéd",,Jobbik,,,LMP,,,,,Vajda Zoltán,Hollai Gábor,Nemes Gábor,,,Palotás János,,,,,4,"MSZP, Párbeszéd",,Jobbik,,,LMP,,,,,"<table><tr><th>Jelöltek</th><th>Támogatók</th></tr><tr><td>Nemes Gábor (DK)</td><td>Jobbik</td></tr><tr><td>Hollai Gábor (Momentum)</td><td></td></tr><tr><td>Vajda Zoltán (MMM)</td><td>MSZP, Párbeszéd</td></tr><tr><td>Palotás János (Új Világ Néppárt)</td><td>LMP</td></tr></table>"
14,114,Budapesti 14. sz. országgyűlési egyéni választókerület,Budapest 14. számú egyéni választókerület,igen,Budapesti 14. sz. országgyűlési egyéni választókerület,,,,,Lukoczki Károly,,,,Szilágyi György,,2,,,,,Párbeszéd,,,,"LMP, MMM, Momentum, DK",,,,,,Lukoczki Károly,,,,Szilágyi György,,2,,,,,Párbeszéd,,,,"LMP, MMM, Momentum, DK",,"<table><tr><th>Jelöltek</th><th>Támogatók</th></tr><tr><td>Szilágyi György (Jobbik)</td><td>LMP, MMM, Momentum, DK</td></tr><tr><td>Lukoczki Károly (MSZP)</td><td>Párbeszéd</td></tr></table>"
15,115,Budapesti 15. sz. országgyűlési egyéni választókerület,Budapest 15. számú egyéni választókerület,igen,Budapesti 15. sz. országgyűlési egyéni választókerület,,,Ferencz István,,Kunhalmi Ágnes,,,,,,2,,,,,"Párbeszéd, Jobbik, LMP, MMM, Momentum",,,,,,,,Ferencz István,,Kunhalmi Ágnes,,,,,,2,,,,,"Párbeszéd, Jobbik, LMP, MMM, Momentum",,,,,,"<table><tr><th>Jelöltek</th><th>Támogatók</th></tr><tr><td>Ferencz István (DK)</td><td></td></tr><tr><td>Kunhalmi Ágnes (MSZP)</td><td>Párbeszéd, Jobbik, LMP, MMM, Momentum</td></tr></table>"
16,116,Budapesti 16. sz. országgyűlési egyéni választókerület,Budapest 16. számú egyéni választókerület,igen,Budapesti 16. sz. országgyűlési egyéni választókerület,,,Nemes László,,Hiller István dr.,Vidákovics László,,,,,3,,,visszalépett,,"Párbeszéd, LMP, DK, Jobbik, Momentum","MMM, Momentum",,,,,,,,,Hiller István dr.,Vidákovics László,,,,,2,,,,,"Párbeszéd, LMP, DK, Jobbik, Momentum","MMM, Momentum",,,,,"<table><tr><th>Jelöltek</th><th>Támogatók</th></tr><tr><td>Hiller István dr. (MSZP)</td><td>Párbeszéd, LMP, DK, Jobbik, Momentum</td></tr><tr><td>Vidákovics László (Új Világ Néppárt)</td><td>MMM, Momentum</td></tr></table>"
17,117,Budapesti 17. sz. országgyűlési egyéni választókerület,Budapest 17. számú egyéni választókerület,igen,Budapesti 17. sz. országgyűlési egyéni választókerület,,Szabó Szabolcs,Paál Géza Ferenc,,Komjáthi Imre,,,,,,3,,"Jobbik, MMM",visszalépett,,"Párbeszéd, DK, LMP",,,,,,,Szabó Szabolcs,,,Komjáthi Imre,,,,,,2,,"Jobbik, MMM",,,"Párbeszéd, DK, LMP",,,,,,"<table><tr><th>Jelöltek</th><th>Támogatók</th></tr><tr><td>Szabó Szabolcs (Momentum)</td><td>Jobbik, MMM</td></tr><tr><td>Komjáthi Imre (MSZP)</td><td>Párbeszéd, DK, LMP</td></tr></table>"
18,118,Budapesti 18. sz. országgyűlési egyéni választókerület,Budapest 18. számú egyéni választókerület,igen,Budapesti 18. sz. országgyűlési egyéni választókerület,,Tóth Endre,Molnár Gyula,,,,,,,,2,,"Jobbik, MMM",,,,,,,,,,Tóth Endre,Molnár Gyula,,,,,,,,2,,"Jobbik, MMM",,,,,,,,,"<table><tr><th>Jelöltek</th><th>Támogatók</th></tr><tr><td>Molnár Gyula (DK)</td><td></td></tr><tr><td>Tóth Endre (Momentum)</td><td>Jobbik, MMM</td></tr></table>"
19,201,Baranya megyei 1. sz. országgyűlési egyéni választókerület,Baranya megye 1. számú egyéni választókerület,igen,Baranya megyei 1. sz. országgyűlési egyéni választókerület,,Nemes Balázs,Auth István,,,Szőke Tibor,,Mellár Tamás,,Bodnár Imre,5,,DK,visszalépett,,,,,"MMM, MSZP, Jobbik, LMP",,MSZP,,Nemes Balázs,,,,Szőke Tibor,,Mellár Tamás,,Bodnár Imre,4,,DK,,,,,,"MMM, MSZP, Jobbik, LMP",,MSZP,"<table><tr><th>Jelöltek</th><th>Támogatók</th></tr><tr><td>Nemes Balázs (Momentum)</td><td>DK</td></tr><tr><td>Mellár Tamás (Párbeszéd)</td><td>MMM, MSZP, Jobbik, LMP</td></tr><tr><td>Szőke Tibor (Új Világ Néppárt)</td><td></td></tr><tr><td>Bodnár Imre (Független)</td><td>MSZP</td></tr></table>"
20,202,Baranya megyei 2. sz. országgyűlési egyéni választókerület,Baranya megye 2. számú egyéni választókerület,igen,Baranya megyei 2. sz. országgyűlési egyéni választókerület,Simon Gábor Imre,Péderi Tamás,Dr. Szakács László,Keresztes László Lóránt,,,,,,,4,,visszalépett," Momentum, Jobbik","MSZP, Párbeszéd",,,,,,,Simon Gábor Imre,,Dr. Szakács László,Keresztes László Lóránt,,,,,,,3,,," Momentum, Jobbik","MSZP, Párbeszéd",,,,,,,"<table><tr><th>Jelöltek</th><th>Támogatók</th></tr><tr><td>Dr. Szakács László (DK)</td><td> Momentum, Jobbik</td></tr><tr><td>Keresztes László Lóránt (LMP)</td><td>MSZP, Párbeszéd</td></tr><tr><td>Simon Gábor Imre (MMM)</td><td></td></tr></table>"
21,203,Baranya megyei 3. sz. országgyűlési egyéni választókerület,Baranya megye 3. számú egyéni választókerület,igen,Baranya megyei 3. sz. országgyűlési egyéni választókerület,,Frey Benjámin,Páger Ferenc,,,,,,Schwarcz-Kiefer Patrik,,3,,DK,visszalépett,,,,,,"MMM, MSZP, Párbeszéd, LMP",,,Frey Benjámin,,,,,,,Schwarcz-Kiefer Patrik,,2,,DK,,,,,,,"MMM, MSZP, Párbeszéd, LMP",,"<table><tr><th>Jelöltek</th><th>Támogatók</th></tr><tr><td>Schwarcz-Kiefer Patrik (Jobbik)</td><td>MMM, MSZP, Párbeszéd, LMP</td></tr><tr><td>Frey Benjámin (Momentum)</td><td>DK</td></tr></table>"
22,204,Baranya megyei 4. sz. országgyűlési egyéni választókerület,Baranya megye 4. számú egyéni választókerület,igen,Baranya megyei 4. sz. országgyűlési egyéni választókerület,Alpár György,,Szarkándi Lajosné,,Koltai Péter,P. Horváth Tamás ,,,,,4,"Jobbik, LMP",,,,Párbeszéd,,,,,,Alpár György,,Szarkándi Lajosné,,Koltai Péter,P. Horváth Tamás ,,,,,4,"Jobbik, LMP",,,,Párbeszéd,,,,,,"<table><tr><th>Jelöltek</th><th>Támogatók</th></tr><tr><td>Szarkándi Lajosné (DK)</td><td></td></tr><tr><td>Koltai Péter (MSZP)</td><td>Párbeszéd</td></tr><tr><td>Alpár György (MMM)</td><td>Jobbik, LMP</td></tr><tr><td>P. Horváth Tamás  (Új Világ Néppárt)</td><td></td></tr></table>"
23,301,Bács-Kiskun megyei 1. sz. országgyűlési egyéni választókerület,Bács-Kiskun megye 1. számú egyéni választókerület,igen,Bács-Kiskun megyei 1. sz. országgyűlési egyéni választókerület,,Bíró Barna,Szőkéné Kopping Rita,,,,,,Lejer Zoltán,,3,,visszalépett,Momentum,,,,,,"LMP, MMM, MSZP, Párbeszéd",,,,Szőkéné Kopping Rita,,,,,,Lejer Zoltán,,2,,,Momentum,,,,,,"LMP, MMM, MSZP, Párbeszéd",,"<table><tr><th>Jelöltek</th><th>Támogatók</th></tr><tr><td>Szőkéné Kopping Rita (DK)</td><td>Momentum</td></tr><tr><td>Lejer Zoltán (Jobbik)</td><td>LMP, MMM, MSZP, Párbeszéd</td></tr></table>"
24,302,Bács-Kiskun megyei 2. sz. országgyűlési egyéni választókerület,Bács-Kiskun megye 2. számú egyéni választókerület,igen,Bács-Kiskun megyei 2. sz. országgyűlési egyéni választókerület,,Bodrozsán Alexandra,,,Király József,,,,,,2,,"MMM, DK",,,"Párbeszéd, LMP, Jobbik",,,,,,,Bodrozsán Alexandra,,,Király József,,,,,,2,,"MMM, DK",,,"Párbeszéd, LMP, Jobbik",,,,,,"<table><tr><th>Jelöltek</th><th>Támogatók</th></tr><tr><td>Bodrozsán Alexandra (Momentum)</td><td>MMM, DK</td></tr><tr><td>Király József (MSZP)</td><td>Párbeszéd, LMP, Jobbik</td></tr></table>"
25,303,Bács-Kiskun megyei 3. sz. országgyűlési egyéni választókerület,Bács-Kiskun megye 3. számú egyéni választókerület,igen,Bács-Kiskun megyei 3. sz. országgyűlési egyéni választókerület,,Bakai Ádám,"Magóné Tóth Gyöngyi Mária, Dr.",,Angeli Gabriella,Király Róbert,,,,Kudron Nándor,5,,visszalépett,"MMM, Momentum",,Párbeszéd,,,,,Jobbik,,,"Magóné Tóth Gyöngyi Mária, Dr.",,Angeli Gabriella,Király Róbert,,,,Kudron Nándor,4,,,"MMM, Momentum",,Párbeszéd,,,,,Jobbik,"<table><tr><th>Jelöltek</th><th>Támogatók</th></tr><tr><td>Magóné Tóth Gyöngyi Mária, Dr. (DK)</td><td>MMM, Momentum</td></tr><tr><td>Angeli Gabriella (MSZP)</td><td>Párbeszéd</td></tr><tr><td>Király Róbert (Új Világ Néppárt)</td><td></td></tr><tr><td>Kudron Nándor (Független)</td><td>Jobbik</td></tr></table>"
26,304,Bács-Kiskun megyei 4. sz. országgyűlési egyéni választókerület,Bács-Kiskun megye 4. számú egyéni választókerület,igen,Bács-Kiskun megyei 4. sz. országgyűlési egyéni választókerület,,,,Kis-Szeniczey Kálmán,,,,,,,1,,,,"MSZP, Párbeszéd, Jobbik, MMM",,,,,,,,,,Kis-Szeniczey Kálmán,,,,,,,1,,,,"MSZP, Párbeszéd, Jobbik, MMM",,,,,,,"<table><tr><th>Jelöltek</th><th>Támogatók</th></tr><tr><td>Kis-Szeniczey Kálmán (LMP)</td><td>MSZP, Párbeszéd, Jobbik, MMM</td></tr></table>"
27,305,Bács-Kiskun megyei 5. sz. országgyűlési egyéni választókerület,Bács-Kiskun megye 5. számú egyéni választókerület,igen,Bács-Kiskun megyei 5. sz. országgyűlési egyéni választókerület,,Papp Dénes,Horváth Roland Károly,,,,,,,Kovács Erika,3,,"MSZP, Párbeszéd",MMM,,,,,,,LMP,,Papp Dénes,Horváth Roland Károly,,,,,,,Kovács Erika,3,,"MSZP, Párbeszéd",MMM,,,,,,,LMP,"<table><tr><th>Jelöltek</th><th>Támogatók</th></tr><tr><td>Horváth Roland Károly (DK)</td><td>MMM</td></tr><tr><td>Papp Dénes (Momentum)</td><td>MSZP, Párbeszéd</td></tr><tr><td>Kovács Erika (Független)</td><td>LMP</td></tr></table>"
28,306,Bács-Kiskun megyei 6. sz. országgyűlési egyéni választókerület,Bács-Kiskun megye 6. számú egyéni választókerület,igen,Bács-Kiskun megyei 6. sz. országgyűlési egyéni választókerület,Preininger Rozália,Kiss László,László Károly,,,Vass Antal,,,,,4,"LMP, Jobbik","MSZP, Párbeszéd",,,,,,,,,Preininger Rozália,Kiss László,László Károly,,,Vass Antal,,,,,4,"LMP, Jobbik","MSZP, Párbeszéd",,,,,,,,,"<table><tr><th>Jelöltek</th><th>Támogatók</th></tr><tr><td>László Károly (DK)</td><td></td></tr><tr><td>Kiss László (Momentum)</td><td>MSZP, Párbeszéd</td></tr><tr><td>Preininger Rozália (MMM)</td><td>LMP, Jobbik</td></tr><tr><td>Vass Antal (Új Világ Néppárt)</td><td></td></tr></table>"
29,401,Békés megyei 1. sz. országgyűlési egyéni választókerület,Békés megye 1. számú egyéni választókerület,igen,Békés megyei 1. sz. országgyűlési egyéni választókerület,,,Boldis Katalin,Takács Péter,Miklós Attila,,,,Stummer János,,4,,,visszalépett,visszalépett,Párbeszéd,,,,"MMM, Momentum, DK, LMP",,,,,,Miklós Attila,,,,Stummer János,,2,,,,,Párbeszéd,,,,"MMM, Momentum, DK, LMP",,"<table><tr><th>Jelöltek</th><th>Támogatók</th></tr><tr><td>Stummer János (Jobbik)</td><td>MMM, Momentum, DK, LMP</td></tr><tr><td>Miklós Attila (MSZP)</td><td>Párbeszéd</td></tr></table>"
30,402,Békés megyei 2. sz. országgyűlési egyéni választókerület,Békés megye 2. számú egyéni választókerület,igen,Békés megyei 2. sz. országgyűlési egyéni választókerület,Gajdos Attila,,dr. Kondé Gábor,,Miskéri László,Baranyi Béla,,,,,4,Jobbik,,,,Párbeszéd,,,,,,Gajdos Attila,,dr. Kondé Gábor,,Miskéri László,Baranyi Béla,,,,,4,Jobbik,,,,Párbeszéd,,,,,,<table><tr><th>Jelöltek</th><th>Támogatók</th></tr><tr><td>dr. Kondé Gábor (DK)</td><td></td></tr><tr><td>Miskéri László (MSZP)</td><td>Párbeszéd</td></tr><tr><td>Gajdos Attila (MMM)</td><td>Jobbik</td></tr><tr><td>Baranyi Béla (Új Világ Néppárt)</td><td></td></tr></table>
31,403,Békés megyei 3. sz. országgyűlési egyéni választókerület,Békés megye 3. számú egyéni választókerület,igen,Békés megyei 3. sz. országgyűlési egyéni választókerület,,Mikóné Hirth Beáta,Leel-Őssy Gábor,Bereczki János,,Pomuczné Nagy Ildikó,,,Farkas P. Barnabás,,5,,"MMM, Jobbik","MSZP, Párbeszéd",,,,,,visszalépett,,,Mikóné Hirth Beáta,Leel-Őssy Gábor,Bereczki János,,Pomuczné Nagy Ildikó,,,,,4,,"MMM, Jobbik","MSZP, Párbeszéd",,,,,,,,"<table><tr><th>Jelöltek</th><th>Támogatók</th></tr><tr><td>Leel-Őssy Gábor (DK)</td><td>MSZP, Párbeszéd</td></tr><tr><td>Bereczki János (LMP)</td><td></td></tr><tr><td>Mikóné Hirth Beáta (Momentum)</td><td>MMM, Jobbik</td></tr><tr><td>Pomuczné Nagy Ildikó (Új Világ Néppárt)</td><td></td></tr></table>"
32,404,Békés megyei 4. sz. országgyűlési egyéni választókerület,Békés megye 4. számú egyéni választókerület,igen,Békés megyei 4. sz. országgyűlési egyéni választókerület,,Sebők Éva ,Papp Róbert,,Dr. Szelényi Zoltán,,,,Dr. Szabó Ervin,,4,,,visszalépett,,Párbeszéd,,,,"DK, MMM, LMP",,,Sebők Éva ,,,Dr. Szelényi Zoltán,,,,Dr. Szabó Ervin,,3,,,,,Párbeszéd,,,,"DK, MMM, LMP",,"<table><tr><th>Jelöltek</th><th>Támogatók</th></tr><tr><td>Dr. Szabó Ervin (Jobbik)</td><td>DK, MMM, LMP</td></tr><tr><td>Sebők Éva  (Momentum)</td><td></td></tr><tr><td>Dr. Szelényi Zoltán (MSZP)</td><td>Párbeszéd</td></tr></table>"
33,501,Borsod-Abaúj-Zemplén megyei 1. sz. országgyűlési egyéni választókerület,Borsod-Abaúj-Zemplén megye 1. számú egyéni választókerület,igen,Borsod-Abaúj-Zemplén megyei 1. sz. országgyűlési egyéni választókerület,,,,,Dr. Simon Gábor,,,,Szilágyi Szabolcs,Csabalik Zsuzsanna,3,,,,,Párbeszéd,,,,"DK, MMM, LMP, Momentum",LMP,,,,,Dr. Simon Gábor,,,,Szilágyi Szabolcs,Csabalik Zsuzsanna,3,,,,,Párbeszéd,,,,"DK, MMM, LMP, Momentum",LMP,"<table><tr><th>Jelöltek</th><th>Támogatók</th></tr><tr><td>Szilágyi Szabolcs (Jobbik)</td><td>DK, MMM, LMP, Momentum</td></tr><tr><td>Dr. Simon Gábor (MSZP)</td><td>Párbeszéd</td></tr><tr><td>Csabalik Zsuzsanna (Független)</td><td>LMP</td></tr></table>"
34,502,Borsod-Abaúj-Zemplén megyei 2. sz. országgyűlési egyéni választókerület,Borsod-Abaúj-Zemplén megye 2. számú egyéni választókerület,igen,Borsod-Abaúj-Zemplén megyei 2. sz. országgyűlési egyéni választókerület,,,Hegedűs Andrea,,Varga László,,,,,,2,,,"Jobbik, MMM",,"Párbeszéd, Momentum, LMP",,,,,,,,Hegedűs Andrea,,Varga László,,,,,,2,,,"Jobbik, MMM",,"Párbeszéd, Momentum, LMP",,,,,,"<table><tr><th>Jelöltek</th><th>Támogatók</th></tr><tr><td>Hegedűs Andrea (DK)</td><td>Jobbik, MMM</td></tr><tr><td>Varga László (MSZP)</td><td>Párbeszéd, Momentum, LMP</td></tr></table>"
35,503,Borsod-Abaúj-Zemplén megyei 3. sz. országgyűlési egyéni választókerület,Borsod-Abaúj-Zemplén megye 3. számú egyéni választókerület,igen,Borsod-Abaúj-Zemplén megyei 3. sz. országgyűlési egyéni választókerület,,Kovács József,,,Kiss Sándor,,Szendrei Endre,,Farkas Péter Barnabás,,4,,visszalépett,,,Párbeszéd,,visszalépett,,"Momentum, DK, LMP, MMM",,,,,,Kiss Sándor,,,,Farkas Péter Barnabás,,2,,,,,Párbeszéd,,,,"Momentum, DK, LMP, MMM",,"<table><tr><th>Jelöltek</th><th>Támogatók</th></tr><tr><td>Farkas Péter Barnabás (Jobbik)</td><td>Momentum, DK, LMP, MMM</td></tr><tr><td>Kiss Sándor (MSZP)</td><td>Párbeszéd</td></tr></table>"
36,504,Borsod-Abaúj-Zemplén megyei 4. sz. országgyűlési egyéni választókerület,Borsod-Abaúj-Zemplén megye 4. számú egyéni választókerület,igen,Borsod-Abaúj-Zemplén megyei 4. sz. országgyűlési egyéni választókerület,Üveges Gábor,Hornyák Evelin,Sólyom Sándor,,,,,,,Koleszár István,4,"Jobbik, DK, LMP","MSZP, Párbeszéd",visszalépett,,,,,,,LMP,Üveges Gábor,Hornyák Evelin,,,,,,,,Koleszár István,3,"Jobbik, DK, LMP","MSZP, Párbeszéd",,,,,,,,LMP,"<table><tr><th>Jelöltek</th><th>Támogatók</th></tr><tr><td>Hornyák Evelin (Momentum)</td><td>MSZP, Párbeszéd</td></tr><tr><td>Üveges Gábor (MMM)</td><td>Jobbik, DK, LMP</td></tr><tr><td>Koleszár István (Független)</td><td>LMP</td></tr></table>"
37,505,Borsod-Abaúj-Zemplén megyei 5. sz. országgyűlési egyéni választókerület,Borsod-Abaúj-Zemplén megye 5. számú egyéni választókerület,igen,Borsod-Abaúj-Zemplén megyei 5. sz. országgyűlési egyéni választókerület,Erdei Sándor Zsolt,Berger Zsolt,,,,,,,,,2,"Jobbik, DK, LMP","MSZP, Párbeszéd",,,,,,,,,Erdei Sándor Zsolt,Berger Zsolt,,,,,,,,,2,"Jobbik, DK, LMP","MSZP, Párbeszéd",,,,,,,,,"<table><tr><th>Jelöltek</th><th>Támogatók</th></tr><tr><td>Berger Zsolt (Momentum)</td><td>MSZP, Párbeszéd</td></tr><tr><td>Erdei Sándor Zsolt (MMM)</td><td>Jobbik, DK, LMP</td></tr></table>"
38,506,Borsod-Abaúj-Zemplén megyei 6. sz. országgyűlési egyéni választókerület,Borsod-Abaúj-Zemplén megye 6. számú egyéni választókerület,igen,Borsod-Abaúj-Zemplén megyei 6. sz. országgyűlési egyéni választókerület,,Pelek Dávid,,,Jézsó Gábor,,,,Bíró László,Tóth Ádám,4,,visszalépett,,,"Párbeszéd, MMM, DK, Momentum, Jobbik",,,,visszalépett,,,,,,Jézsó Gábor,,,,,Tóth Ádám,2,,,,,"Párbeszéd, MMM, DK, Momentum, Jobbik",,,,,,"<table><tr><th>Jelöltek</th><th>Támogatók</th></tr><tr><td>Jézsó Gábor (MSZP)</td><td>Párbeszéd, MMM, DK, Momentum, Jobbik</td></tr><tr><td>Tóth Ádám (Független)</td><td></td></tr></table>"
39,507,Borsod-Abaúj-Zemplén megyei 7. sz. országgyűlési egyéni választókerület,Borsod-Abaúj-Zemplén megye 7. számú egyéni választókerület,igen,Borsod-Abaúj-Zemplén megyei 7. sz. országgyűlési egyéni választókerület,,Szépvölgyi Gergő,Sermer Ádám,,"Párbeszéd, MMM, DK, Momentum",,,,,,3,,,,,"Párbeszéd, MMM, Momentum",,,,,,,Szépvölgyi Gergő,Sermer Ádám,,"Párbeszéd, MMM, DK, Momentum",,,,,,3,,,,,"Párbeszéd, MMM, Momentum",,,,,,"<table><tr><th>Jelöltek</th><th>Támogatók</th></tr><tr><td>Sermer Ádám (DK)</td><td></td></tr><tr><td>Szépvölgyi Gergő (Momentum)</td><td></td></tr><tr><td>Párbeszéd, MMM, DK, Momentum (MSZP)</td><td>Párbeszéd, MMM, Momentum</td></tr></table>"
40,601,Csongrád-Csanád megyei 1. sz. országgyűlési egyéni választókerület,Csongrád megye 1. számú egyéni választókerület,igen,Csongrád-Csanád megyei 1. sz. országgyűlési egyéni választókerület,,,Dr. Binszki József,,Szabó Sándor,Törőcsik Károly Konrád,,,,,3,,,Jobbik,,"Párbeszéd, MMM, Momentum, LMP",,,,,,,,Dr. Binszki József,,Szabó Sándor,Törőcsik Károly Konrád,,,,,3,,,Jobbik,,"Párbeszéd, MMM, Momentum, LMP",,,,,,"<table><tr><th>Jelöltek</th><th>Támogatók</th></tr><tr><td>Dr. Binszki József (DK)</td><td>Jobbik</td></tr><tr><td>Szabó Sándor (MSZP)</td><td>Párbeszéd, MMM, Momentum, LMP</td></tr><tr><td>Törőcsik Károly Konrád (Új Világ Néppárt)</td><td></td></tr></table>"
41,602,Csongrád-Csanád megyei 2. sz. országgyűlési egyéni választókerület,Csongrád megye 2. számú egyéni választókerület,igen,Csongrád-Csanád megyei 2. sz. országgyűlési egyéni választókerület,Tóth Szabolcs,Mihálik Edvin,,,,,,,Tóth Péter,,3,Momentum,"MSZP, Párbeszéd",,,,,,,"DK, LMP",,Tóth Szabolcs,Mihálik Edvin,,,,,,,Tóth Péter,,3,Momentum,"MSZP, Párbeszéd",,,,,,,"DK, LMP",,"<table><tr><th>Jelöltek</th><th>Támogatók</th></tr><tr><td>Tóth Péter (Jobbik)</td><td>DK, LMP</td></tr><tr><td>Mihálik Edvin (Momentum)</td><td>MSZP, Párbeszéd</td></tr><tr><td>Tóth Szabolcs (MMM)</td><td>Momentum</td></tr></table>"
42,603,Csongrád-Csanád megyei 3. sz. országgyűlési egyéni választókerület,Csongrád megye 3. számú egyéni választókerület,igen,Csongrád-Csanád megyei 3. sz. országgyűlési egyéni választókerület,, Borsik Viktor,,Fehér Attila,,Mészáros Gábor,,,,Szűcs Ildikó,4,,"MSZP, Párbeszéd",,visszalépett,,"MMM, LMP",,,,"Jobbik, DK, LMP",, Borsik Viktor,,,,Mészáros Gábor,,,,Szűcs Ildikó,3,,"MSZP, Párbeszéd",,,,"MMM, LMP",,,,"Jobbik, DK, LMP","<table><tr><th>Jelöltek</th><th>Támogatók</th></tr><tr><td> Borsik Viktor (Momentum)</td><td>MSZP, Párbeszéd</td></tr><tr><td>Mészáros Gábor (Új Világ Néppárt)</td><td>MMM, LMP</td></tr><tr><td>Szűcs Ildikó (Független)</td><td>Jobbik, DK, LMP</td></tr></table>"
43,604,Csongrád-Csanád megyei 4. sz. országgyűlési egyéni választókerület,Csongrád megye 4. számú egyéni választókerület,igen,Csongrád-Csanád megyei 4. sz. országgyűlési egyéni választókerület,Márki-Zay Péter,,Mucsi Tamás,,,,,,,,2,"Jobbik, Momentum, Párbeszéd, Új Világ Néppárt",,,,,,,,,,Márki-Zay Péter,,Mucsi Tamás,,,,,,,,2,"Jobbik, Momentum, Párbeszéd, Új Világ Néppárt",,,,,,,,,,"<table><tr><th>Jelöltek</th><th>Támogatók</th></tr><tr><td>Mucsi Tamás (DK)</td><td></td></tr><tr><td>Márki-Zay Péter (MMM)</td><td>Jobbik, Momentum, Párbeszéd, Új Világ Néppárt</td></tr></table>"
44,701,Fejér megyei 1. sz. országgyűlési egyéni választókerület,Fejér megye 1. számú egyéni választókerület,igen,Fejér megyei 1. sz. országgyűlési egyéni választókerület,,Barlabás András,Ráczné Földi Judit,,Márton Roland,,,,,,3,,MMM,Jobbik,,"Párbeszéd, LMP",,,,,,,Barlabás András,Ráczné Földi Judit,,Márton Roland,,,,,,3,,MMM,Jobbik,,"Párbeszéd, LMP",,,,,,"<table><tr><th>Jelöltek</th><th>Támogatók</th></tr><tr><td>Ráczné Földi Judit (DK)</td><td>Jobbik</td></tr><tr><td>Barlabás András (Momentum)</td><td>MMM</td></tr><tr><td>Márton Roland (MSZP)</td><td>Párbeszéd, LMP</td></tr></table>"
45,702,Fejér megyei 2. sz. országgyűlési egyéni választókerület,Fejér megye 2. számú egyéni választókerület,igen,Fejér megyei 2. sz. országgyűlési egyéni választókerület,,,Strasszer József,,,But Sándor,,,Fazakas Attila,,3,,,visszalépett,,,"Párbeszéd, Momentum",,,"DK, LMP, MMM",,,,,,,But Sándor,,,Fazakas Attila,,2,,,,,,"Párbeszéd, Momentum",,,"DK, LMP, MMM",,"<table><tr><th>Jelöltek</th><th>Támogatók</th></tr><tr><td>Fazakas Attila (Jobbik)</td><td>DK, LMP, MMM</td></tr><tr><td>But Sándor (Új Világ Néppárt)</td><td>Párbeszéd, Momentum</td></tr></table>"
46,703,Fejér megyei 3. sz. országgyűlési egyéni választókerület,Fejér megye 3. számú egyéni választókerület,igen,Fejér megyei 3. sz. országgyűlési egyéni választókerület,ifj. Bogdán János,József András,Balázs Péter,,,,,,,,3,,,"Jobbik, LMP, MSZP, Párbeszéd",,,,,,,,ifj. Bogdán János,József András,Balázs Péter,,,,,,,,3,,,"Jobbik, LMP, MSZP, Párbeszéd",,,,,,,,"<table><tr><th>Jelöltek</th><th>Támogatók</th></tr><tr><td>Balázs Péter (DK)</td><td>Jobbik, LMP, MSZP, Párbeszéd</td></tr><tr><td>József András (Momentum)</td><td></td></tr><tr><td>ifj. Bogdán János (MMM)</td><td></td></tr></table>"
47,704,Fejér megyei 4. sz. országgyűlési egyéni választókerület,Fejér megye 4. számú egyéni választókerület,igen,Fejér megyei 4. sz. országgyűlési egyéni választókerület,,Kovács Janka,,,,,,,Kálló Gergely,,2,,,,,,,,,"DK, MMM, MSZP, Párbeszéd, LMP",,,Kovács Janka,,,,,,,Kálló Gergely,,2,,,,,,,,,"DK, MMM, MSZP, Párbeszéd, LMP",,"<table><tr><th>Jelöltek</th><th>Támogatók</th></tr><tr><td>Kálló Gergely (Jobbik)</td><td>DK, MMM, MSZP, Párbeszéd, LMP</td></tr><tr><td>Kovács Janka (Momentum)</td><td></td></tr></table>"
48,705,Fejér megyei 5. sz. országgyűlési egyéni választókerület,Fejér megye 5. számú egyéni választókerület,igen,Fejér megyei 5. sz. országgyűlési egyéni választókerület,Gottlóz Tibor,Orosvári Zsolt,Kertész Éva,,,,,,,,3,,,"MSZP, Párbeszéd, Jobbik",,,,,,,,Gottlóz Tibor,Orosvári Zsolt,Kertész Éva,,,,,,,,3,,,"MSZP, Párbeszéd, Jobbik",,,,,,,,"<table><tr><th>Jelöltek</th><th>Támogatók</th></tr><tr><td>Kertész Éva (DK)</td><td>MSZP, Párbeszéd, Jobbik</td></tr><tr><td>Orosvári Zsolt (Momentum)</td><td></td></tr><tr><td>Gottlóz Tibor (MMM)</td><td></td></tr></table>"
49,801,Győr-Moson-Sopron megyei 1. sz. országgyűlési egyéni választókerület,Győr-Moson-Sopron megye 1. számú egyéni választókerület,igen,Győr-Moson-Sopron megyei 1. sz. országgyűlési egyéni választókerület,Urbán Tibor,Rehó Tibor,Jancsó Zita,Jenei Ferenc,Pollreisz Balázs,,,,,,5,,LMP,Jobbik,,Párbeszéd,,,,,,Urbán Tibor,Rehó Tibor,Jancsó Zita,Jenei Ferenc,Pollreisz Balázs,,,,,,5,,LMP,Jobbik,,Párbeszéd,,,,,,<table><tr><th>Jelöltek</th><th>Támogatók</th></tr><tr><td>Jancsó Zita (DK)</td><td>Jobbik</td></tr><tr><td>Jenei Ferenc (LMP)</td><td></td></tr><tr><td>Rehó Tibor (Momentum)</td><td>LMP</td></tr><tr><td>Pollreisz Balázs (MSZP)</td><td>Párbeszéd</td></tr><tr><td>Urbán Tibor (MMM)</td><td></td></tr></table>
50,802,Győr-Moson-Sopron megyei 2. sz. országgyűlési egyéni választókerület,Győr-Moson-Sopron megye 2. számú egyéni választókerület,igen,Győr-Moson-Sopron megyei 2. sz. országgyűlési egyéni választókerület,Balla Jenő,,Dr. Gasztonyi László,,Juhász István,,,,,Németh Eszter,4,Momentum,,LMP,,Párbeszéd,,,,,,Balla Jenő,,Dr. Gasztonyi László,,Juhász István,,,,,Németh Eszter,4,Momentum,,LMP,,Párbeszéd,,,,,,<table><tr><th>Jelöltek</th><th>Támogatók</th></tr><tr><td>Dr. Gasztonyi László (DK)</td><td>LMP</td></tr><tr><td>Juhász István (MSZP)</td><td>Párbeszéd</td></tr><tr><td>Balla Jenő (MMM)</td><td>Momentum</td></tr><tr><td>Németh Eszter (Független)</td><td></td></tr></table>
51,803,Győr-Moson-Sopron megyei 3. sz. országgyűlési egyéni választókerület,Győr-Moson-Sopron megye 3. számú egyéni választókerület,igen,Győr-Moson-Sopron megyei 3. sz. országgyűlési egyéni választókerület,,Orbán Krisztián,Szabó Zoltán,,Kovácsné Varga Ildikó,,,,,,3,,MMM,visszalépett,,"DK, Párbeszéd",,,,,,,Orbán Krisztián,,,Kovácsné Varga Ildikó,,,,,,2,,MMM,,,"DK, Párbeszéd",,,,,,"<table><tr><th>Jelöltek</th><th>Támogatók</th></tr><tr><td>Orbán Krisztián (Momentum)</td><td>MMM</td></tr><tr><td>Kovácsné Varga Ildikó (MSZP)</td><td>DK, Párbeszéd</td></tr></table>"
52,804,Győr-Moson-Sopron megyei 4. sz. országgyűlési egyéni választókerület,Győr-Moson-Sopron megye 4. számú egyéni választókerület,igen,Győr-Moson-Sopron megyei 4. sz. országgyűlési egyéni választókerület,,Supka-Kovácsné Holzhofer Tünde,Simon Zoltán,,,,,Jakál Adrienn,Brenner Koloman Dr.,,4,,visszalépett,,,,,,MSZP,"MMM, LMP, Momentum",,,,Simon Zoltán,,,,,Jakál Adrienn,Brenner Koloman Dr.,,3,,,,,,,,MSZP,"MMM, LMP, Momentum",,"<table><tr><th>Jelöltek</th><th>Támogatók</th></tr><tr><td>Simon Zoltán (DK)</td><td></td></tr><tr><td>Brenner Koloman Dr. (Jobbik)</td><td>MMM, LMP, Momentum</td></tr><tr><td>Jakál Adrienn (Párbeszéd)</td><td>MSZP</td></tr></table>"
53,805,Győr-Moson-Sopron megyei 5. sz. országgyűlési egyéni választókerület,Győr-Moson-Sopron megye 5. számú egyéni választókerület,igen,Győr-Moson-Sopron megyei 5. sz. országgyűlési egyéni választókerület,Szabó Miklós,Balázs Endre,Ábrahám Tivadar,,,,,,Magyar Zoltán,,4,,,,,,,,,"LMP, MSZP, Párbeszéd",,Szabó Miklós,Balázs Endre,Ábrahám Tivadar,,,,,,Magyar Zoltán,,4,,,,,,,,,"LMP, MSZP, Párbeszéd",,"<table><tr><th>Jelöltek</th><th>Támogatók</th></tr><tr><td>Ábrahám Tivadar (DK)</td><td></td></tr><tr><td>Magyar Zoltán (Jobbik)</td><td>LMP, MSZP, Párbeszéd</td></tr><tr><td>Balázs Endre (Momentum)</td><td></td></tr><tr><td>Szabó Miklós (MMM)</td><td></td></tr></table>"
54,901,Hajdú-Bihar megyei 1. sz. országgyűlési egyéni választókerület,Hajdú-Bihar megye 1. számú egyéni választókerület,igen,Hajdú-Bihar megyei 1. sz. országgyűlési egyéni választókerület,,Szabó Bence,Varga Zoltán,,,Pálinkás József,,Fábián István,,Illés-Rácz Mariann,5,,LMP,,,,"MMM, Jobbik",,MSZP,,Jobbik,,Szabó Bence,Varga Zoltán,,,Pálinkás József,,Fábián István,,Illés-Rácz Mariann,5,,LMP,,,,"MMM, Jobbik",,MSZP,,Jobbik,"<table><tr><th>Jelöltek</th><th>Támogatók</th></tr><tr><td>Varga Zoltán (DK)</td><td></td></tr><tr><td>Szabó Bence (Momentum)</td><td>LMP</td></tr><tr><td>Fábián István (Párbeszéd)</td><td>MSZP</td></tr><tr><td>Pálinkás József (Új Világ Néppárt)</td><td>MMM, Jobbik</td></tr><tr><td>Illés-Rácz Mariann (Független)</td><td>Jobbik</td></tr></table>"
55,902,Hajdú-Bihar megyei 2. sz. országgyűlési egyéni választókerület,Hajdú-Bihar megye 2. számú egyéni választókerület,igen,Hajdú-Bihar megyei 2. sz. országgyűlési egyéni választókerület,,Mándi László,Vaszkó Imre,Jármi Péter,,Dr. Bánfalvi Győző,,,,Fülep Olivér,5,,"Jobbik, MSZP, Párbeszéd, MMM",,,,,,,,Jobbik,,Mándi László,Vaszkó Imre,Jármi Péter,,Dr. Bánfalvi Győző,,,,Fülep Olivér,5,,"Jobbik, MSZP, Párbeszéd, MMM",,,,,,,,Jobbik,"<table><tr><th>Jelöltek</th><th>Támogatók</th></tr><tr><td>Vaszkó Imre (DK)</td><td></td></tr><tr><td>Jármi Péter (LMP)</td><td></td></tr><tr><td>Mándi László (Momentum)</td><td>Jobbik, MSZP, Párbeszéd, MMM</td></tr><tr><td>Dr. Bánfalvi Győző (Új Világ Néppárt)</td><td></td></tr><tr><td>Fülep Olivér (Független)</td><td>Jobbik</td></tr></table>"
56,903,Hajdú-Bihar megyei 3. sz. országgyűlési egyéni választókerület,Hajdú-Bihar megye 3. számú egyéni választókerület,igen,Hajdú-Bihar megyei 3. sz. országgyűlési egyéni választókerület,,Kosztin Mihály,Szörényi Károly,,,Csák László,,Szórádi Sándor,Salamon Gergő,Szabó Zsolt,6,,MMM,,,,,,MSZP,LMP,Jobbik,,Kosztin Mihály,Szörényi Károly,,,Csák László,,Szórádi Sándor,Salamon Gergő,Szabó Zsolt,6,,MMM,,,,,,MSZP,LMP,Jobbik,<table><tr><th>Jelöltek</th><th>Támogatók</th></tr><tr><td>Szörényi Károly (DK)</td><td></td></tr><tr><td>Salamon Gergő (Jobbik)</td><td>LMP</td></tr><tr><td>Kosztin Mihály (Momentum)</td><td>MMM</td></tr><tr><td>Szórádi Sándor (Párbeszéd)</td><td>MSZP</td></tr><tr><td>Csák László (Új Világ Néppárt)</td><td></td></tr><tr><td>Szabó Zsolt (Független)</td><td>Jobbik</td></tr></table>
57,904,Hajdú-Bihar megyei 4. sz. országgyűlési egyéni választókerület,Hajdú-Bihar megye 4. számú egyéni választókerület,igen,Hajdú-Bihar megyei 4. sz. országgyűlési egyéni választókerület,,,Szabó Patrik,,Bihary Judit,,,,,Szántai László,3,,,,,Párbeszéd,,,,,"Jobbik, Momentum, LMP, MMM",,,Szabó Patrik,,Bihary Judit,,,,,Szántai László,3,,,,,Párbeszéd,,,,,"Jobbik, Momentum, LMP, MMM","<table><tr><th>Jelöltek</th><th>Támogatók</th></tr><tr><td>Szabó Patrik (DK)</td><td></td></tr><tr><td>Bihary Judit (MSZP)</td><td>Párbeszéd</td></tr><tr><td>Szántai László (Független)</td><td>Jobbik, Momentum, LMP, MMM</td></tr></table>"
58,905,Hajdú-Bihar megyei 5. sz. országgyűlési egyéni választókerület,Hajdú-Bihar megye 5. számú egyéni választókerület,igen,Hajdú-Bihar megyei 5. sz. országgyűlési egyéni választókerület,,Kiss László,,,Bangóné Borbély Ildikó,Somogyi Ferenc,,,,,3,,"Jobbik, MMM",,,"Párbeszéd, DK",,,,,,,Kiss László,,,Bangóné Borbély Ildikó,Somogyi Ferenc,,,,,3,,"Jobbik, MMM",,,"Párbeszéd, DK",,,,,,"<table><tr><th>Jelöltek</th><th>Támogatók</th></tr><tr><td>Kiss László (Momentum)</td><td>Jobbik, MMM</td></tr><tr><td>Bangóné Borbély Ildikó (MSZP)</td><td>Párbeszéd, DK</td></tr><tr><td>Somogyi Ferenc (Új Világ Néppárt)</td><td></td></tr></table>"
59,906,Hajdú-Bihar megyei 6. sz. országgyűlési egyéni választókerület,Hajdú-Bihar megye 6. számú egyéni választókerület,igen,Hajdú-Bihar megyei 6. sz. országgyűlési egyéni választókerület,,,Tóth József,,,Nagy Péter,,,,Hegedűs Péter,3,,,,,,,,,,"MMM, Jobbik, MSZP, Párbeszéd, Momentum, LMP",,,Tóth József,,,Nagy Péter,,,,Hegedűs Péter,3,,,,,,,,,,"MMM, Jobbik, MSZP, Párbeszéd, Momentum, LMP","<table><tr><th>Jelöltek</th><th>Támogatók</th></tr><tr><td>Tóth József (DK)</td><td></td></tr><tr><td>Nagy Péter (Új Világ Néppárt)</td><td></td></tr><tr><td>Hegedűs Péter (Független)</td><td>MMM, Jobbik, MSZP, Párbeszéd, Momentum, LMP</td></tr></table>"
60,1001,Heves megyei 1. sz. országgyűlési egyéni választókerület,Heves megye 1. számú egyéni választókerület,igen,Heves megyei 1. sz. országgyűlési egyéni választókerület,,Jánosi Zoltán,Berecz Mátyás,,Mirkóczki Zita,,,,,,3,,"MSZP, Párbeszéd","Jobbik, LMP, MMM",,visszalépett,,,,,,,Jánosi Zoltán,Berecz Mátyás,,,,,,,,2,,"MSZP, Párbeszéd","Jobbik, LMP, MMM",,,,,,,,"<table><tr><th>Jelöltek</th><th>Támogatók</th></tr><tr><td>Berecz Mátyás (DK)</td><td>Jobbik, LMP, MMM</td></tr><tr><td>Jánosi Zoltán (Momentum)</td><td>MSZP, Párbeszéd</td></tr></table>"
61,1002,Heves megyei 2. sz. országgyűlési egyéni választókerület,Heves megye 2. számú egyéni választókerület,igen,Heves megyei 2. sz. országgyűlési egyéni választókerület,,,Balogh Bálint,,,,,,Dudás Róbert,,2,,,visszalépett,,,,,,"Momentum, MMM, LMP",,,,,,,,,,Dudás Róbert,,1,,,,,,,,,"Momentum, MMM, LMP",,"<table><tr><th>Jelöltek</th><th>Támogatók</th></tr><tr><td>Dudás Róbert (Jobbik)</td><td>Momentum, MMM, LMP</td></tr></table>"
62,1003,Heves megyei 3. sz. országgyűlési egyéni választókerület,Heves megye 3. számú egyéni választókerület,igen,Heves megyei 3. sz. országgyűlési egyéni választókerület,,Lőcsei Lajos,Basa Zoltán,,Korózs Lajos,Varga Ferenc,,,,,4,,MMM,visszalépett,,"Párbeszéd, DK",Jobbik,,,,,,Lőcsei Lajos,,,Korózs Lajos,Varga Ferenc,,,,,3,,MMM,,,"Párbeszéd, DK",Jobbik,,,,,"<table><tr><th>Jelöltek</th><th>Támogatók</th></tr><tr><td>Lőcsei Lajos (Momentum)</td><td>MMM</td></tr><tr><td>Korózs Lajos (MSZP)</td><td>Párbeszéd, DK</td></tr><tr><td>Varga Ferenc (Új Világ Néppárt)</td><td>Jobbik</td></tr></table>"
63,1101,Jász-Nagykun-Szolnok megyei 1. sz. országgyűlési egyéni választókerület,Jász-Nagykun-Szolnok megye 1. számú egyéni választókerület,igen,Jász-Nagykun-Szolnok megyei 1. sz. országgyűlési egyéni választókerület,,Dr. Kármán Irén,,Tóth Áron,,,,,,Sziráki Pál,3,,"MSZP, Párbeszéd",,,,,,,,"DK, Jobbik, MMM",,Dr. Kármán Irén,,Tóth Áron,,,,,,Sziráki Pál,3,,"MSZP, Párbeszéd",,,,,,,,"DK, Jobbik, MMM","<table><tr><th>Jelöltek</th><th>Támogatók</th></tr><tr><td>Tóth Áron (LMP)</td><td></td></tr><tr><td>Dr. Kármán Irén (Momentum)</td><td>MSZP, Párbeszéd</td></tr><tr><td>Sziráki Pál (Független)</td><td>DK, Jobbik, MMM</td></tr></table>"
64,1102,Jász-Nagykun-Szolnok megyei 2. sz. országgyűlési egyéni választókerület,Jász-Nagykun-Szolnok megye 2. számú egyéni választókerület,igen,Jász-Nagykun-Szolnok megyei 2. sz. országgyűlési egyéni választókerület,,Kovács Mihály,Dr. Gedei József,,Kertész Ottó,,,,,,3,,visszalépett,Momentum,,"Párbeszéd, LMP, Jobbik, MMM",,,,,,,,Dr. Gedei József,,Kertész Ottó,,,,,,2,,,Momentum,,"Párbeszéd, LMP, Jobbik, MMM",,,,,,"<table><tr><th>Jelöltek</th><th>Támogatók</th></tr><tr><td>Dr. Gedei József (DK)</td><td>Momentum</td></tr><tr><td>Kertész Ottó (MSZP)</td><td>Párbeszéd, LMP, Jobbik, MMM</td></tr></table>"
65,1103,Jász-Nagykun-Szolnok megyei 3. sz. országgyűlési egyéni választókerület,Jász-Nagykun-Szolnok megye 3. számú egyéni választókerület,igen,Jász-Nagykun-Szolnok megyei 3. sz. országgyűlési egyéni választókerület,,Kozma Dániel,Turó Vilmos,,,,,,dr. Lukács László György,,3,,,,,,,,,"MMM, MSZP, Párbeszéd, LMP",,,Kozma Dániel,Turó Vilmos,,,,,,dr. Lukács László György,,3,,,,,,,,,"MMM, MSZP, Párbeszéd, LMP",,"<table><tr><th>Jelöltek</th><th>Támogatók</th></tr><tr><td>Turó Vilmos (DK)</td><td></td></tr><tr><td>dr. Lukács László György (Jobbik)</td><td>MMM, MSZP, Párbeszéd, LMP</td></tr><tr><td>Kozma Dániel (Momentum)</td><td></td></tr></table>"
66,1104,Jász-Nagykun-Szolnok megyei 4. sz. országgyűlési egyéni választókerület,Jász-Nagykun-Szolnok megye 4. számú egyéni választókerület,igen,Jász-Nagykun-Szolnok megyei 4. sz. országgyűlési egyéni választókerület,,,Mészáros Dávid,,,,,,Csányi Tamás,,2,,,visszalépett,,,,,,"LMP, DK, MMM, Momentum",,,,,,,,,,Csányi Tamás,,1,,,,,,,,,"LMP, DK, MMM, Momentum",,"<table><tr><th>Jelöltek</th><th>Támogatók</th></tr><tr><td>Csányi Tamás (Jobbik)</td><td>LMP, DK, MMM, Momentum</td></tr></table>"
67,1201,Komárom-Esztergom megyei 1. sz. országgyűlési egyéni választókerület,Komárom-Esztergom megye 1. számú egyéni választókerület,igen,Komárom-Esztergom megyei 1. sz. országgyűlési egyéni választókerület,,,Dr. Konczer Erik,,Gurmai Zita,dr. Popovics Judit,,,,,3,,,Jobbik,,"Párbeszéd, LMP, Momentum",MMM,,,,,,,Dr. Konczer Erik,,Gurmai Zita,dr. Popovics Judit,,,,,3,,,Jobbik,,"Párbeszéd, LMP, Momentum",MMM,,,,,"<table><tr><th>Jelöltek</th><th>Támogatók</th></tr><tr><td>Dr. Konczer Erik (DK)</td><td>Jobbik</td></tr><tr><td>Gurmai Zita (MSZP)</td><td>Párbeszéd, LMP, Momentum</td></tr><tr><td>dr. Popovics Judit (Új Világ Néppárt)</td><td>MMM</td></tr></table>"
68,1202,Komárom-Esztergom megyei 2. sz. országgyűlési egyéni választókerület,Komárom-Esztergom megye 2. számú egyéni választókerület,igen,Komárom-Esztergom megyei 2. sz. országgyűlési egyéni választókerület,,,Nyíri Attila,,,,,,Nunkovics Tibor,,2,,,visszalépett,,,,,,"LMP, DK, MMM",,,,,,,,,,Nunkovics Tibor,,1,,,,,,,,,"LMP, DK, MMM",,"<table><tr><th>Jelöltek</th><th>Támogatók</th></tr><tr><td>Nunkovics Tibor (Jobbik)</td><td>LMP, DK, MMM</td></tr></table>"
69,1203,Komárom-Esztergom megyei 3. sz. országgyűlési egyéni választókerület,Komárom-Esztergom megye 3. számú egyéni választókerület,igen,Komárom-Esztergom megyei 3. sz. országgyűlési egyéni választókerület,,,,,,,,,Szanyi Gábor,Dr. Nemes Andrea,2,,,,,,,,,"DK, LMP","MMM, MSZP, Párbeszéd, Momentum",,,,,,,,,Szanyi Gábor,Dr. Nemes Andrea,2,,,,,,,,,"DK, LMP","MMM, MSZP, Párbeszéd, Momentum","<table><tr><th>Jelöltek</th><th>Támogatók</th></tr><tr><td>Szanyi Gábor (Jobbik)</td><td>DK, LMP</td></tr><tr><td>Dr. Nemes Andrea (Független)</td><td>MMM, MSZP, Párbeszéd, Momentum</td></tr></table>"
70,1301,Nógrád megyei 1. sz. országgyűlési egyéni választókerület,Nógrád megye 1. számú egyéni választókerület,igen,Nógrád megyei 1. sz. országgyűlési egyéni választókerület,,Horváth Ferenc,Godó Beatrix,,,Dömsödi Gábor,,,,,3,,"MSZP, Párbeszéd, LMP",Jobbik,,,,,,,,,Horváth Ferenc,Godó Beatrix,,,Dömsödi Gábor,,,,,3,,"MSZP, Párbeszéd, LMP",Jobbik,,,,,,,,"<table><tr><th>Jelöltek</th><th>Támogatók</th></tr><tr><td>Godó Beatrix (DK)</td><td>Jobbik</td></tr><tr><td>Horváth Ferenc (Momentum)</td><td>MSZP, Párbeszéd, LMP</td></tr><tr><td>Dömsödi Gábor (Új Világ Néppárt)</td><td></td></tr></table>"
71,1302,Nógrád megyei 2. sz. országgyűlési egyéni választókerület,Nógrád megye 2. számú egyéni választókerület,igen,Nógrád megyei 2. sz. országgyűlési egyéni választókerület,Gyenes Szilárd,,,,,,,,,,1,"Momentum, DK, MSZP, Párbeszéd, Jobbik, LMP",,,,,,,,,,Gyenes Szilárd,,,,,,,,,,1,"Momentum, DK, MSZP, Párbeszéd, Jobbik, LMP",,,,,,,,,,"<table><tr><th>Jelöltek</th><th>Támogatók</th></tr><tr><td>Gyenes Szilárd (MMM)</td><td>Momentum, DK, MSZP, Párbeszéd, Jobbik, LMP</td></tr></table>"
72,1401,Pest megyei 1. sz. országgyűlési egyéni választókerület,Pest megye 1. számú egyéni választókerület,igen,Pest megyei 1. sz. országgyűlési egyéni választókerület,,Ollero Marco,Bősz Anett,Tetlák Örs,,,,,,,3,,"MSZP, Párbeszéd","MMM, Jobbik",,,,,,,,,Ollero Marco,Bősz Anett,Tetlák Örs,,,,,,,3,,"MSZP, Párbeszéd","MMM, Jobbik",,,,,,,,"<table><tr><th>Jelöltek</th><th>Támogatók</th></tr><tr><td>Bősz Anett (DK)</td><td>MMM, Jobbik</td></tr><tr><td>Tetlák Örs (LMP)</td><td></td></tr><tr><td>Ollero Marco (Momentum)</td><td>MSZP, Párbeszéd</td></tr></table>"
73,1402,Pest megyei 2. sz. országgyűlési egyéni választókerület,Pest megye 2. számú egyéni választókerület,igen,Pest megyei 2. sz. országgyűlési egyéni választókerület,,Szél Bernadett,Hegyesi Beáta,,,,,,,,2,,"MMM, Jobbik, MSZP, Párbeszéd",,,,,,,,,,Szél Bernadett,Hegyesi Beáta,,,,,,,,2,,"MMM, Jobbik, MSZP, Párbeszéd",,,,,,,,,"<table><tr><th>Jelöltek</th><th>Támogatók</th></tr><tr><td>Hegyesi Beáta (DK)</td><td></td></tr><tr><td>Szél Bernadett (Momentum)</td><td>MMM, Jobbik, MSZP, Párbeszéd</td></tr></table>"
74,1403,Pest megyei 3. sz. országgyűlési egyéni választókerület,Pest megye 3. számú egyéni választókerület,igen,Pest megyei 3. sz. országgyűlési egyéni választókerület,Kóder György,Buzinkay György,,,,Stelli-Kis Sándor ,,Béres András,Pál Gábor,Katona Andrea,6,LMP,"MSZP, Párbeszéd",,,,,,visszalépett,"DK, LMP",,Kóder György,Buzinkay György,,,,Stelli-Kis Sándor ,,,Pál Gábor,Katona Andrea,5,LMP,"MSZP, Párbeszéd",,,,,,,"DK, LMP",,"<table><tr><th>Jelöltek</th><th>Támogatók</th></tr><tr><td>Pál Gábor (Jobbik)</td><td>DK, LMP</td></tr><tr><td>Buzinkay György (Momentum)</td><td>MSZP, Párbeszéd</td></tr><tr><td>Kóder György (MMM)</td><td>LMP</td></tr><tr><td>Stelli-Kis Sándor  (Új Világ Néppárt)</td><td></td></tr><tr><td>Katona Andrea (Független)</td><td></td></tr></table>"
75,1404,Pest megyei 4. sz. országgyűlési egyéni választókerület,Pest megye 4. számú egyéni választókerület,igen,Pest megyei 4. sz. országgyűlési egyéni választókerület,Inotay Gergely,,,,,Juhász Béla Róbert,,,,Gyurcsik Ádám,3,"Jobbik, LMP, MSZP, Párbeszéd",,,,,"Momentum, DK",,,,LMP,Inotay Gergely,,,,,Juhász Béla Róbert,,,,Gyurcsik Ádám,3,"Jobbik, LMP, MSZP, Párbeszéd",,,,,"Momentum, DK",,,,LMP,"<table><tr><th>Jelöltek</th><th>Támogatók</th></tr><tr><td>Inotay Gergely (MMM)</td><td>Jobbik, LMP, MSZP, Párbeszéd</td></tr><tr><td>Juhász Béla Róbert (Új Világ Néppárt)</td><td>Momentum, DK</td></tr><tr><td>Gyurcsik Ádám (Független)</td><td>LMP</td></tr></table>"
76,1405,Pest megyei 5. sz. országgyűlési egyéni választókerület,Pest megye 5. számú egyéni választókerület,igen,Pest megyei 5. sz. országgyűlési egyéni választókerület,,Vajda Viktória,Tonzor Péter,,,Fekete László,,Dorosz Dávid,,,4,,visszalépett,MMM,,,,,"MSZP, Jobbik, Momentum, LMP",,,,,Tonzor Péter,,,Fekete László,,Dorosz Dávid,,,3,,,MMM,,,,,"MSZP, Jobbik, Momentum, LMP",,,"<table><tr><th>Jelöltek</th><th>Támogatók</th></tr><tr><td>Tonzor Péter (DK)</td><td>MMM</td></tr><tr><td>Dorosz Dávid (Párbeszéd)</td><td>MSZP, Jobbik, Momentum, LMP</td></tr><tr><td>Fekete László (Új Világ Néppárt)</td><td></td></tr></table>"
77,1406,Pest megyei 6. sz. országgyűlési egyéni választókerület,Pest megye 6. számú egyéni választókerület,igen,Pest megyei 6. sz. országgyűlési egyéni választókerület,,Dr. Varga Zoltán,,Hohn Krisztina,,Simon Erika,,,,,3,,,,"MMM, MSZP, Párbeszéd, Jobbik",,DK,,,,,,Dr. Varga Zoltán,,Hohn Krisztina,,Simon Erika,,,,,3,,,,"MMM, MSZP, Párbeszéd, Jobbik",,DK,,,,,"<table><tr><th>Jelöltek</th><th>Támogatók</th></tr><tr><td>Hohn Krisztina (LMP)</td><td>MMM, MSZP, Párbeszéd, Jobbik</td></tr><tr><td>Dr. Varga Zoltán (Momentum)</td><td></td></tr><tr><td>Simon Erika (Új Világ Néppárt)</td><td>DK</td></tr></table>"
78,1407,Pest megyei 7. sz. országgyűlési egyéni választókerület,Pest megye 7. számú egyéni választókerület,igen,Pest megyei 7. sz. országgyűlési egyéni választókerület,,Farag Alexandra,Kemény Ádám,,,,,,,Fricsovszky-Tóth Péter ,3,,"MSZP, Párbeszéd",visszalépett,,,,,,," MMM, Jobbik, DK, LMP",,Farag Alexandra,,,,,,,,Fricsovszky-Tóth Péter ,2,,"MSZP, Párbeszéd",,,,,,,," MMM, Jobbik, DK, LMP","<table><tr><th>Jelöltek</th><th>Támogatók</th></tr><tr><td>Farag Alexandra (Momentum)</td><td>MSZP, Párbeszéd</td></tr><tr><td>Fricsovszky-Tóth Péter  (Független)</td><td> MMM, Jobbik, DK, LMP</td></tr></table>"
79,1408,Pest megyei 8. sz. országgyűlési egyéni választókerület,Pest megye 8. számú egyéni választókerület,igen,Pest megyei 8. sz. országgyűlési egyéni választókerület,Nagy János,Gyurcsik József,Jószai Teodóra,Kendernay János,,,,,,,4,"Jobbik, MSZP, Párbeszéd, LMP",visszalépett,Momentum,visszalépett,,,,,,,Nagy János,,Jószai Teodóra,,,,,,,,2,"Jobbik, MSZP, Párbeszéd, LMP",,Momentum,,,,,,,,"<table><tr><th>Jelöltek</th><th>Támogatók</th></tr><tr><td>Jószai Teodóra (DK)</td><td>Momentum</td></tr><tr><td>Nagy János (MMM)</td><td>Jobbik, MSZP, Párbeszéd, LMP</td></tr></table>"
80,1409,Pest megyei 9. sz. országgyűlési egyéni választókerület,Pest megye 9. számú egyéni választókerület,igen,Pest megyei 9. sz. országgyűlési egyéni választókerület,,,,Schmuck Erzsébet,,,Ujhelyi Sándor,,,,2,,,,"MMM, MSZP, Párbeszéd, DK, Jobbik",,,visszalépett,,,,,,,Schmuck Erzsébet,,,,,,,1,,,,"MMM, MSZP, Párbeszéd, DK, Jobbik",,,,,,,"<table><tr><th>Jelöltek</th><th>Támogatók</th></tr><tr><td>Schmuck Erzsébet (LMP)</td><td>MMM, MSZP, Párbeszéd, DK, Jobbik</td></tr></table>"
81,1410,Pest megyei 10. sz. országgyűlési egyéni választókerület,Pest megye 10. számú egyéni választókerület,igen,Pest megyei 10. sz. országgyűlési egyéni választókerület,,,Magdics Máté,,,,,Gér Mihály,,,2,,,,,,,,"MSZP, Momentum, LMP, Jobbik",,,,,Magdics Máté,,,,,Gér Mihály,,,2,,,,,,,,"MSZP, Momentum, LMP, Jobbik",,,"<table><tr><th>Jelöltek</th><th>Támogatók</th></tr><tr><td>Magdics Máté (DK)</td><td></td></tr><tr><td>Gér Mihály (Párbeszéd)</td><td>MSZP, Momentum, LMP, Jobbik</td></tr></table>"
82,1411,Pest megyei 11. sz. országgyűlési egyéni választókerület,Pest megye 11. számú egyéni választókerület,igen,Pest megyei 11. sz. országgyűlési egyéni választókerület,,Andrejka Zombor,Jánosi-Lesi Ágota,,,,,,,,2,,"MSZP, Párbeszéd",Jobbik,,,,,,,,,Andrejka Zombor,Jánosi-Lesi Ágota,,,,,,,,2,,"MSZP, Párbeszéd",Jobbik,,,,,,,,"<table><tr><th>Jelöltek</th><th>Támogatók</th></tr><tr><td>Jánosi-Lesi Ágota (DK)</td><td>Jobbik</td></tr><tr><td>Andrejka Zombor (Momentum)</td><td>MSZP, Párbeszéd</td></tr></table>"
83,1412,Pest megyei 12. sz. országgyűlési egyéni választókerület,Pest megye 12. számú egyéni választókerület,igen,Pest megyei 12. sz. országgyűlési egyéni választókerület,,Kollár Zoltán,Kökény Gábor,,László Ferenc,,,,LMP,Sipos Mihály,5,,visszalépett,,,Párbeszéd,,,,"MMM, LMP, Momentum",LMP,,,Kökény Gábor,,László Ferenc,,,,LMP,Sipos Mihály,4,,,,,Párbeszéd,,,,"MMM, LMP, Momentum",LMP,"<table><tr><th>Jelöltek</th><th>Támogatók</th></tr><tr><td>Kökény Gábor (DK)</td><td></td></tr><tr><td>LMP (Jobbik)</td><td>MMM, LMP, Momentum</td></tr><tr><td>László Ferenc (MSZP)</td><td>Párbeszéd</td></tr><tr><td>Sipos Mihály (Független)</td><td>LMP</td></tr></table>"
84,1501,Somogy megyei 1. sz. országgyűlési egyéni választókerület,Somogy megye 1. számú egyéni választókerület,igen,Somogy megyei 1. sz. országgyűlési egyéni választókerület,Horváth Ákos Ervin,Bereczki Dávid,Dr. Varga István,Szabóné Szendefy Mária,Pintér Attila,,,,,,5,Jobbik,,"MSZP, Párbeszéd",,visszalépett,,,,,,Horváth Ákos Ervin,Bereczki Dávid,Dr. Varga István,Szabóné Szendefy Mária,,,,,,,4,Jobbik,,"MSZP, Párbeszéd",,,,,,,,"<table><tr><th>Jelöltek</th><th>Támogatók</th></tr><tr><td>Dr. Varga István (DK)</td><td>MSZP, Párbeszéd</td></tr><tr><td>Szabóné Szendefy Mária (LMP)</td><td></td></tr><tr><td>Bereczki Dávid (Momentum)</td><td></td></tr><tr><td>Horváth Ákos Ervin (MMM)</td><td>Jobbik</td></tr></table>"
85,1502,Somogy megyei 2. sz. országgyűlési egyéni választókerület,Somogy megye 2. számú egyéni választókerület,igen,Somogy megyei 2. sz. országgyűlési egyéni választókerület,,,Remes Gábor,,,,,,Ander Balázs,,2,,,"MSZP, Párbeszéd",,,,,,"MMM, LMP, Momentum",,,,Remes Gábor,,,,,,Ander Balázs,,2,,,"MSZP, Párbeszéd",,,,,,"MMM, LMP, Momentum",,"<table><tr><th>Jelöltek</th><th>Támogatók</th></tr><tr><td>Remes Gábor (DK)</td><td>MSZP, Párbeszéd</td></tr><tr><td>Ander Balázs (Jobbik)</td><td>MMM, LMP, Momentum</td></tr></table>"
86,1503,Somogy megyei 3. sz. országgyűlési egyéni választókerület,Somogy megye 3. számú egyéni választókerület,igen,Somogy megyei 3. sz. országgyűlési egyéni választókerület,,,,,,,,,dr. Steinmetz Ádám,,1,,,,,,,,,"LMP, MMM, MSZP, Párbeszéd",,,,,,,,,,dr. Steinmetz Ádám,,1,,,,,,,,,"LMP, MMM, MSZP, Párbeszéd",,"<table><tr><th>Jelöltek</th><th>Támogatók</th></tr><tr><td>dr. Steinmetz Ádám (Jobbik)</td><td>LMP, MMM, MSZP, Párbeszéd</td></tr></table>"
106,1504,Somogy megyei 4. sz. országgyűlési egyéni választókerület,Somogy megye 4. számú egyéni választókerület,igen,Somogy megyei 4. sz. országgyűlési egyéni választókerület,,,Dr. Kovács Miklós,,,,,,Potocskáné Kőrösi Anita,,2,,,,,,,,,"LMP, MSZP, Párbeszéd, MMM",,,,Dr. Kovács Miklós,,,,,,Potocskáné Kőrösi Anita,,2,,,,,,,,,"LMP, MSZP, Párbeszéd, MMM",,"<table><tr><th>Jelöltek</th><th>Támogatók</th></tr><tr><td>Dr. Kovács Miklós (DK)</td><td></td></tr><tr><td>Potocskáné Kőrösi Anita (Jobbik)</td><td>LMP, MSZP, Párbeszéd, MMM</td></tr></table>"
87,1601,Szabolcs-Szatmár-Bereg megyei 1. sz. országgyűlési egyéni választókerület,Szabolcs-Szatmár-Bereg megye 1. számú egyéni választókerület,igen,Szabolcs-Szatmár-Bereg megyei 1. sz. országgyűlési egyéni választókerület,,Dr. Csipkés József István,Fodor István,,Mike András,,,,Lengyel Máté,,4,,,visszalépett,,Párbeszéd,,,,"LMP, DK, MMM",,,Dr. Csipkés József István,,,Mike András,,,,Lengyel Máté,,3,,,,,Párbeszéd,,,,"LMP, DK, MMM",,"<table><tr><th>Jelöltek</th><th>Támogatók</th></tr><tr><td>Lengyel Máté (Jobbik)</td><td>LMP, DK, MMM</td></tr><tr><td>Dr. Csipkés József István (Momentum)</td><td></td></tr><tr><td>Mike András (MSZP)</td><td>Párbeszéd</td></tr></table>"
88,1602,Szabolcs-Szatmár-Bereg megyei 2. sz. országgyűlési egyéni választókerület,Szabolcs-Szatmár-Bereg megye 2. számú egyéni választókerület,igen,Szabolcs-Szatmár-Bereg megyei 2. sz. országgyűlési egyéni választókerület,,,,,Aranyos Gábor,Dr. Kiss Krisztián,,,Dr. Gyüre Csaba,,3,,,,,"Párbeszéd, DK, Momentum","MMM, LMP",,,,,,,,,Aranyos Gábor,Dr. Kiss Krisztián,,,Dr. Gyüre Csaba,,3,,,,,"Párbeszéd, DK, Momentum","MMM, LMP",,,,,"<table><tr><th>Jelöltek</th><th>Támogatók</th></tr><tr><td>Dr. Gyüre Csaba (Jobbik)</td><td></td></tr><tr><td>Aranyos Gábor (MSZP)</td><td>Párbeszéd, DK, Momentum</td></tr><tr><td>Dr. Kiss Krisztián (Új Világ Néppárt)</td><td>MMM, LMP</td></tr></table>"
89,1603,Szabolcs-Szatmár-Bereg megyei 3. sz. országgyűlési egyéni választókerület,Szabolcs-Szatmár-Bereg megye 3. számú egyéni választókerület,igen,Szabolcs-Szatmár-Bereg megyei 3. sz. országgyűlési egyéni választókerület,,,Bulitka András,,Sárosy Zoltán,,,,Tóth Viktor ,,3,,,,,Párbeszéd,,,,"LMP, MMM",,,,Bulitka András,,Sárosy Zoltán,,,,Tóth Viktor ,,3,,,,,Párbeszéd,,,,"LMP, MMM",,"<table><tr><th>Jelöltek</th><th>Támogatók</th></tr><tr><td>Bulitka András (DK)</td><td></td></tr><tr><td>Tóth Viktor  (Jobbik)</td><td>LMP, MMM</td></tr><tr><td>Sárosy Zoltán (MSZP)</td><td>Párbeszéd</td></tr></table>"
90,1604,Szabolcs-Szatmár-Bereg megyei 4. sz. országgyűlési egyéni választókerület,Szabolcs-Szatmár-Bereg megye 4. számú egyéni választókerület,igen,Szabolcs-Szatmár-Bereg megyei 4. sz. országgyűlési egyéni választókerület,dr. Sápi Mónika,,,,Bíróné Dienes Csilla,,,,,,2,"DK, Momentum",,,,Párbeszéd,,,,,,dr. Sápi Mónika,,,,Bíróné Dienes Csilla,,,,,,2,"DK, Momentum",,,,Párbeszéd,,,,,,"<table><tr><th>Jelöltek</th><th>Támogatók</th></tr><tr><td>Bíróné Dienes Csilla (MSZP)</td><td>Párbeszéd</td></tr><tr><td>dr. Sápi Mónika (MMM)</td><td>DK, Momentum</td></tr></table>"
91,1605,Szabolcs-Szatmár-Bereg megyei 5. sz. országgyűlési egyéni választókerület,Szabolcs-Szatmár-Bereg megye 5. számú egyéni választókerület,igen,Szabolcs-Szatmár-Bereg megyei 5. sz. országgyűlési egyéni választókerület,,Jármi László,,,Dr. Papp Ildikó,,,,Földi István,,3,,visszalépett,,,"Párbeszéd, DK",,,,"MMM, LMP, Momentum",,,,,,Dr. Papp Ildikó,,,,Földi István,,2,,,,,"Párbeszéd, DK",,,,"MMM, LMP, Momentum",,"<table><tr><th>Jelöltek</th><th>Támogatók</th></tr><tr><td>Földi István (Jobbik)</td><td>MMM, LMP, Momentum</td></tr><tr><td>Dr. Papp Ildikó (MSZP)</td><td>Párbeszéd, DK</td></tr></table>"
92,1606,Szabolcs-Szatmár-Bereg megyei 6. sz. országgyűlési egyéni választókerület,Szabolcs-Szatmár-Bereg megye 6. számú egyéni választókerület,igen,Szabolcs-Szatmár-Bereg megyei 6. sz. országgyűlési egyéni választókerület,Dr. Bélteki Béla,Pradlik Milán,Czirják Alexandra,,Tóth Viktor ,,,,,,4,"Jobbik, LMP",,,,Párbeszéd,,,,,,Dr. Bélteki Béla,Pradlik Milán,Czirják Alexandra,,Tóth Viktor ,,,,,,4,"Jobbik, LMP",,,,Párbeszéd,,,,,,"<table><tr><th>Jelöltek</th><th>Támogatók</th></tr><tr><td>Czirják Alexandra (DK)</td><td></td></tr><tr><td>Pradlik Milán (Momentum)</td><td></td></tr><tr><td>Tóth Viktor  (MSZP)</td><td>Párbeszéd</td></tr><tr><td>Dr. Bélteki Béla (MMM)</td><td>Jobbik, LMP</td></tr></table>"
93,1701,Tolna megyei 1. sz. országgyűlési egyéni választókerület,Tolna megye 1. számú egyéni választókerület,igen,Tolna megyei 1. sz. országgyűlési egyéni választókerület,dr. Bozsolik Róbert,,Takács László,,Harangozó Tamás,,,,,,3,"Jobbik, DK",,visszalépett,,"Párbeszéd, Momentum, LMP",,,,,,dr. Bozsolik Róbert,,,,Harangozó Tamás,,,,,,2,"Jobbik, DK",,,,"Párbeszéd, Momentum, LMP",,,,,,"<table><tr><th>Jelöltek</th><th>Támogatók</th></tr><tr><td>Harangozó Tamás (MSZP)</td><td>Párbeszéd, Momentum, LMP</td></tr><tr><td>dr. Bozsolik Róbert (MMM)</td><td>Jobbik, DK</td></tr></table>"
94,1702,Tolna megyei 2. sz. országgyűlési egyéni választókerület,Tolna megye 2. számú egyéni választókerület,igen,Tolna megyei 2. sz. országgyűlési egyéni választókerület,,Száraz Zoltán,Szabó Lóránd,,,,,Tigelmann Péter,,,3,,"Jobbik, MSZP, Párbeszéd",MMM,,,,,visszalépett,,,,Száraz Zoltán,Szabó Lóránd,,,,,,,,2,,"Jobbik, MSZP, Párbeszéd",MMM,,,,,,,,"<table><tr><th>Jelöltek</th><th>Támogatók</th></tr><tr><td>Szabó Lóránd (DK)</td><td>MMM</td></tr><tr><td>Száraz Zoltán (Momentum)</td><td>Jobbik, MSZP, Párbeszéd</td></tr></table>"
95,1703,Tolna megyei 3. sz. országgyűlési egyéni választókerület,Tolna megye 3. számú egyéni választókerület,igen,Tolna megyei 3. sz. országgyűlési egyéni választókerület,,,Tóth Attila Szilveszter,,,,,,Bencze János,,2,,,,,,,,,"MSZP, Párbeszéd, LMP, MMM",,,,Tóth Attila Szilveszter,,,,,,Bencze János,,2,,,,,,,,,"MSZP, Párbeszéd, LMP, MMM",,"<table><tr><th>Jelöltek</th><th>Támogatók</th></tr><tr><td>Tóth Attila Szilveszter (DK)</td><td></td></tr><tr><td>Bencze János (Jobbik)</td><td>MSZP, Párbeszéd, LMP, MMM</td></tr></table>"
96,1801,Vas megyei 1. sz. országgyűlési egyéni választókerület,Vas megye 1. számú egyéni választókerület,igen,Vas megyei 1. sz. országgyűlési egyéni választókerület,,,Dr. Czeglédy Csaba,Ungár Péter,,Koczka Tibor ,,,,,3,,,,"Jobbik, MSZP, Párbeszéd, Momentum, MMM",,,,,,,,,Dr. Czeglédy Csaba,Ungár Péter,,Koczka Tibor ,,,,,3,,,,"Jobbik, MSZP, Párbeszéd, Momentum, MMM",,,,,,,"<table><tr><th>Jelöltek</th><th>Támogatók</th></tr><tr><td>Dr. Czeglédy Csaba (DK)</td><td></td></tr><tr><td>Ungár Péter (LMP)</td><td>Jobbik, MSZP, Párbeszéd, Momentum, MMM</td></tr><tr><td>Koczka Tibor  (Új Világ Néppárt)</td><td></td></tr></table>"
97,1802,Vas megyei 2. sz. országgyűlési egyéni választókerület,Vas megye 2. számú egyéni választókerület,igen,Vas megyei 2. sz. országgyűlési egyéni választókerület,,Bányai-Németh Gábor,Szilágyi Tamás,,Hencz Kornél,Molnár Miklós,,,,,4,,,,,Párbeszéd,MMM,,,,,,Bányai-Németh Gábor,Szilágyi Tamás,,Hencz Kornél,Molnár Miklós,,,,,4,,,,,Párbeszéd,MMM,,,,,<table><tr><th>Jelöltek</th><th>Támogatók</th></tr><tr><td>Szilágyi Tamás (DK)</td><td></td></tr><tr><td>Bányai-Németh Gábor (Momentum)</td><td></td></tr><tr><td>Hencz Kornél (MSZP)</td><td>Párbeszéd</td></tr><tr><td>Molnár Miklós (Új Világ Néppárt)</td><td>MMM</td></tr></table>
98,1803,Vas megyei 3. sz. országgyűlési egyéni választókerület,Vas megye 3. számú egyéni választókerület,igen,Vas megyei 3. sz. országgyűlési egyéni választókerület,Bana Tibor,Pleva Dániel,,,Ipkovich György,Horváth József Áron,,,,,4,LMP,DK,,,"Párbeszéd, LMP",,,,,,Bana Tibor,Pleva Dániel,,,Ipkovich György,Horváth József Áron,,,,,4,LMP,DK,,,"Párbeszéd, LMP",,,,,,"<table><tr><th>Jelöltek</th><th>Támogatók</th></tr><tr><td>Pleva Dániel (Momentum)</td><td>DK</td></tr><tr><td>Ipkovich György (MSZP)</td><td>Párbeszéd, LMP</td></tr><tr><td>Bana Tibor (MMM)</td><td>LMP</td></tr><tr><td>Horváth József Áron (Új Világ Néppárt)</td><td></td></tr></table>"
99,1901,Veszprém megyei 1. sz. országgyűlési egyéni választókerület,Veszprém megye 1. számú egyéni választókerület,igen,Veszprém megyei 1. sz. országgyűlési egyéni választókerület,,,Csonka Balázs,,Mesterházy Attila,,,,,Katanics Sándor,3,,,"LMP, Jobbik",,Párbeszéd,,,,,Momentum,,,Csonka Balázs,,Mesterházy Attila,,,,,Katanics Sándor,3,,,"LMP, Jobbik",,Párbeszéd,,,,,Momentum,"<table><tr><th>Jelöltek</th><th>Támogatók</th></tr><tr><td>Csonka Balázs (DK)</td><td>LMP, Jobbik</td></tr><tr><td>Mesterházy Attila (MSZP)</td><td>Párbeszéd</td></tr><tr><td>Katanics Sándor (Független)</td><td>Momentum</td></tr></table>"
105,1902,Veszprém megyei 2. sz. országgyűlési egyéni választókerület,Veszprém megye 2. számú egyéni választókerület,igen,Veszprém megyei 2. sz. országgyűlési egyéni választókerület,,Szecsődi Andrea,Benedek Szilveszter,,,,,,,,2,,"MMM, Jobbik","LMP, MSZP, Párbeszéd",,,,,,,,,Szecsődi Andrea,Benedek Szilveszter,,,,,,,,2,,"MMM, Jobbik","LMP, MSZP, Párbeszéd",,,,,,,,"<table><tr><th>Jelöltek</th><th>Támogatók</th></tr><tr><td>Benedek Szilveszter (DK)</td><td>LMP, MSZP, Párbeszéd</td></tr><tr><td>Szecsődi Andrea (Momentum)</td><td>MMM, Jobbik</td></tr></table>"
100,1903,Veszprém megyei 3. sz. országgyűlési egyéni választókerület,Veszprém megye 3. számú egyéni választókerület,igen,Veszprém megyei 3. sz. országgyűlési egyéni választókerület,,,Sibak András,,,,,,Rig Lajos,,2,,,visszalépett,,,,,,"MMM, DK, LMP",,,,,,,,,,Rig Lajos,,1,,,,,,,,,"MMM, DK, LMP",,"<table><tr><th>Jelöltek</th><th>Támogatók</th></tr><tr><td>Rig Lajos (Jobbik)</td><td>MMM, DK, LMP</td></tr></table>"
101,1904,Veszprém megyei 4. sz. országgyűlési egyéni választókerület,Veszprém megye 4. számú egyéni választókerület,igen,Veszprém megyei 4. sz. országgyűlési egyéni választókerület,,Dr. Jádi István,,,Grőber Attila,,,,Süle Zsolt,,3,,,,,Párbeszéd,,,,LMP,,,Dr. Jádi István,,,Grőber Attila,,,,Süle Zsolt,,3,,,,,Párbeszéd,,,,LMP,,<table><tr><th>Jelöltek</th><th>Támogatók</th></tr><tr><td>Süle Zsolt (Jobbik)</td><td>LMP</td></tr><tr><td>Dr. Jádi István (Momentum)</td><td></td></tr><tr><td>Grőber Attila (MSZP)</td><td>Párbeszéd</td></tr></table>
102,2001,Zala megyei 1. sz. országgyűlési egyéni választókerület,Zala megye 1. számú egyéni választókerület,igen,Zala megyei 1. sz. országgyűlési egyéni választókerület,Föőr Gábor,Plesz Dóra,"Csidei Irén, dr.",Dr. Paksy Zoltán,,,,,Benke Richárd,,5,Jobbik,"MSZP, Párbeszéd",,,,,,,,,Föőr Gábor,Plesz Dóra,"Csidei Irén, dr.",Dr. Paksy Zoltán,,,,,Benke Richárd,,5,Jobbik,"MSZP, Párbeszéd",,,,,,,,,"<table><tr><th>Jelöltek</th><th>Támogatók</th></tr><tr><td>Csidei Irén, dr. (DK)</td><td></td></tr><tr><td>Benke Richárd (Jobbik)</td><td></td></tr><tr><td>Dr. Paksy Zoltán (LMP)</td><td></td></tr><tr><td>Plesz Dóra (Momentum)</td><td>MSZP, Párbeszéd</td></tr><tr><td>Föőr Gábor (MMM)</td><td>Jobbik</td></tr></table>"
103,2002,Zala megyei 2. sz. országgyűlési egyéni választókerület,Zala megye 2. számú egyéni választókerület,igen,Zala megyei 2. sz. országgyűlési egyéni választókerület,,Elekes István,,,Czuth Zoltán László,Molnár Tibor,,,,,3,,"Jobbik, LMP",,,"Párbeszéd, DK","MMM, LMP",,,,,,Elekes István,,,Czuth Zoltán László,Molnár Tibor,,,,,3,,"Jobbik, LMP",,,"Párbeszéd, DK","MMM, LMP",,,,,"<table><tr><th>Jelöltek</th><th>Támogatók</th></tr><tr><td>Elekes István (Momentum)</td><td>Jobbik, LMP</td></tr><tr><td>Czuth Zoltán László (MSZP)</td><td>Párbeszéd, DK</td></tr><tr><td>Molnár Tibor (Új Világ Néppárt)</td><td>MMM, LMP</td></tr></table>"
104,2003,Zala megyei 3. sz. országgyűlési egyéni választókerület,Zala megye 3. számú egyéni választókerület,igen,Zala megyei 3. sz. országgyűlési egyéni választókerület,,,Horváth Jácint,,Fodor Csaba,,,,Berta Krisztián,,3,,,"MSZP, Párbeszéd",,visszalépett,,,,"LMP, Momentum, MMM",,,,Horváth Jácint,,,,,,Berta Krisztián,,2,,,"MSZP, Párbeszéd",,,,,,"LMP, Momentum, MMM",,"<table><tr><th>Jelöltek</th><th>Támogatók</th></tr><tr><td>Horváth Jácint (DK)</td><td>MSZP, Párbeszéd</td></tr><tr><td>Berta Krisztián (Jobbik)</td><td>LMP, Momentum, MMM</td></tr></table>"
